{"IcoMoonType":"selection","icons":[{"icon":{"paths":["M475.802 650.241l36.198 36.198 289.638-289.638-72.397-72.397-217.242 217.19-217.242-217.19-72.397 72.397z"],"isMulticolor":false,"isMulticolor2":false,"tags":["cheveron-down"],"defaultCode":59678,"grid":0},"properties":{"id":31,"order":2,"ligatures":"","prevSize":32,"code":59678,"name":"cheveron-down"},"setIdx":0,"setId":3,"iconIdx":30},{"icon":{"paths":["M360.96 463.003l-36.198 36.198 289.638 289.638 72.397-72.397-217.19-217.242 217.19-217.242-72.397-72.397z"],"isMulticolor":false,"isMulticolor2":false,"tags":["cheveron-left"],"defaultCode":59679,"grid":0},"properties":{"id":32,"order":3,"ligatures":"","prevSize":32,"code":59679,"name":"cheveron-left"},"setIdx":0,"setId":3,"iconIdx":31},{"icon":{"paths":["M663.040 535.399l36.198-36.198-289.638-289.638-72.397 72.397 217.19 217.242-217.19 217.242 72.397 72.397 253.44-253.44z"],"isMulticolor":false,"isMulticolor2":false,"tags":["cheveron-right"],"defaultCode":59680,"grid":0},"properties":{"id":33,"order":4,"ligatures":"","prevSize":32,"code":59680,"name":"cheveron-right"},"setIdx":0,"setId":3,"iconIdx":32},{"icon":{"paths":["M548.198 348.161l-36.198-36.198-289.638 289.638 72.397 72.397 217.242-217.19 217.242 217.19 72.397-72.397z"],"isMulticolor":false,"isMulticolor2":false,"tags":["cheveron-up"],"defaultCode":59681,"grid":0},"properties":{"id":34,"order":5,"ligatures":"","prevSize":32,"code":59681,"name":"cheveron-up"},"setIdx":0,"setId":3,"iconIdx":33},{"icon":{"paths":["M384 928.001c0 53.019-42.981 96-96 96s-96-42.981-96-96c0-53.019 42.981-96 96-96s96 42.981 96 96zM1024 928.001c0 53.019-42.981 96-96 96s-96-42.981-96-96c0-53.019 42.981-96 96-96s96 42.981 96 96zM1024 512.001v-384h-768c0-35.346-28.654-64-64-64h-192v64h128l48.074 412.054c-29.294 23.458-48.074 59.5-48.074 99.946 0 70.696 57.308 128 128 128h768v-64h-768c-35.346 0-64-28.654-64-64 0-0.218 0.014-0.436 0.016-0.656l831.984-127.344z"],"isMulticolor":false,"isMulticolor2":false,"tags":["cart"],"defaultCode":59706,"grid":0},"properties":{"id":40,"order":6,"ligatures":"","prevSize":32,"code":59706,"name":"cart"},"setIdx":0,"setId":3,"iconIdx":39}],"height":1024,"metadata":{"name":"icomoon"},"preferences":{"showGlyphs":true,"showQuickUse":true,"showQuickUse2":true,"showSVGs":true,"fontPref":{"prefix":"icon-","metadata":{"fontFamily":"icomoon","majorVersion":1,"minorVersion":0},"metrics":{"emSize":1024,"baseline":6.25,"whitespace":50},"embed":false},"imagePref":{"prefix":"icon-","png":true,"useClassSelector":true,"color":0,"bgColor":16777215,"classSelector":".icon"},"historySize":50,"showCodes":true,"gridSize":16}}